{
    "0": {
        "anchor": [
            340,
            390
        ],
        "text": "seieecsoo",
        "size": [
            61.07499885559082,
            11.074658203125,
            0.21806640625000018
        ],
        "offsets": [
            [
                0,
                -7.3441650390625,
                6.199999809265137,
                0.21806640625000018
            ],
            [
                6.199999809265137,
                -7.3519531250000005,
                13.274999618530273,
                0.21806640625000018
            ],
            [
                13.274999618530273,
                -11.074658203125,
                17.699999809265137,
                0.0
            ],
            [
                17.699999809265137,
                -7.3519531250000005,
                24.774999618530273,
                0.21806640625000018
            ],
            [
                24.774999618530273,
                -7.3519531250000005,
                31.84999942779541,
                0.21806640625000018
            ],
            [
                31.84999942779541,
                -7.3441650390625,
                38.92499923706055,
                0.21806640625000018
            ],
            [
                38.92499923706055,
                -7.3441650390625,
                45.124999046325684,
                0.21806640625000018
            ],
            [
                45.124999046325684,
                -7.3441650390625,
                53.09999895095825,
                0.21806640625000018
            ],
            [
                53.09999895095825,
                -7.3441650390625,
                61.07499885559082,
                0.21806640625000018
            ]
        ]
    },
    "1": {
        "anchor": [
            379,
            35
        ],
        "text": "oacrelt",
        "size": [
            43.34999990463257,
            11.074658203125,
            0.21806640625000018
        ],
        "offsets": [
            [
                0,
                -7.3441650390625,
                7.974999904632568,
                0.21806640625000018
            ],
            [
                7.974999904632568,
                -7.3441650390625,
                15.049999713897705,
                0.14797363281250053
            ],
            [
                15.049999713897705,
                -7.3441650390625,
                22.124999523162842,
                0.21806640625000018
            ],
            [
                22.124999523162842,
                -7.3441650390625,
                27.424999713897705,
                0.0
            ],
            [
                27.424999713897705,
                -7.3519531250000005,
                34.49999952316284,
                0.21806640625000018
            ],
            [
                34.49999952316284,
                -11.074658203125,
                38.924999713897705,
                0.0
            ],
            [
                38.924999713897705,
                -9.4781005859375,
                43.34999990463257,
                0.1168212890625
            ]
        ]
    },
    "2": {
        "anchor": [
            196,
            60
        ],
        "text": "ahluraoad",
        "size": [
            62.84999942779541,
            11.074658203125,
            0.21806640625000018
        ],
        "offsets": [
            [
                0,
                -7.3441650390625,
                7.074999809265137,
                0.14797363281250053
            ],
            [
                7.074999809265137,
                -11.074658203125,
                15.049999713897705,
                0.0
            ],
            [
                15.049999713897705,
                -11.074658203125,
                19.47499990463257,
                0.0
            ],
            [
                19.47499990463257,
                -7.13388671875,
                27.449999809265137,
                0.21806640625000018
            ],
            [
                27.449999809265137,
                -7.3441650390625,
                32.75,
                0.0
            ],
            [
                32.75,
                -7.3441650390625,
                39.82499980926514,
                0.14797363281250053
            ],
            [
                39.82499980926514,
                -7.3441650390625,
                47.799999713897705,
                0.21806640625000018
            ],
            [
                47.799999713897705,
                -7.3441650390625,
                54.87499952316284,
                0.14797363281250053
            ],
            [
                54.87499952316284,
                -11.074658203125,
                62.84999942779541,
                0.2180664062499993
            ]
        ]
    },
    "3": {
        "anchor": [
            130,
            44
        ],
        "text": "ghnnies",
        "size": [
            49.59999942779541,
            11.074658203125,
            3.442333984375
        ],
        "offsets": [
            [
                0,
                -7.3441650390625,
                7.974999904632568,
                3.442333984375
            ],
            [
                7.974999904632568,
                -11.074658203125,
                15.949999809265137,
                0.0
            ],
            [
                15.949999809265137,
                -7.3441650390625,
                23.924999713897705,
                0.0
            ],
            [
                23.924999713897705,
                -7.3441650390625,
                31.899999618530273,
                0.0
            ],
            [
                31.899999618530273,
                -11.074658203125,
                36.32499980926514,
                0.0
            ],
            [
                36.32499980926514,
                -7.3519531250000005,
                43.39999961853027,
                0.21806640625000018
            ],
            [
                43.39999961853027,
                -7.3441650390625,
                49.59999942779541,
                0.21806640625000018
            ]
        ]
    },
    "4": {
        "anchor": [
            421,
            207
        ],
        "text": "ieaxa",
        "size": [
            33.62499952316284,
            11.074658203125,
            0.21806640625000018
        ],
        "offsets": [
            [
                0,
                -11.074658203125,
                4.425000190734863,
                0.0
            ],
            [
                4.425000190734863,
                -7.3519531250000005,
                11.5,
                0.21806640625000018
            ],
            [
                11.5,
                -7.3441650390625,
                18.574999809265137,
                0.14797363281250053
            ],
            [
                18.574999809265137,
                -7.13388671875,
                26.549999713897705,
                0.0
            ],
            [
                26.549999713897705,
                -7.3441650390625,
                33.62499952316284,
                0.14797363281250053
            ]
        ]
    },
    "5": {
        "anchor": [
            338,
            195
        ],
        "text": "aspqoe",
        "size": [
            44.274999141693115,
            7.3519531250000005,
            3.411181640625
        ],