{
    "0": {
        "anchor": [
            51,
            103
        ],
        "text": "oarnhrcee",
        "size": [
            62.82499933242798,
            11.074658203125,
            0.21806640625000018
        ],
        "offsets": [
            [
                0,
                -7.3441650390625,
                7.974999904632568,
                0.21806640625000018
            ],
            [
                7.974999904632568,
                -7.3441650390625,
                15.049999713897705,
                0.14797363281250053
            ],
            [
                15.049999713897705,
                -7.3441650390625,
                20.34999990463257,
                0.0
            ],
            [
                20.34999990463257,
                -7.3441650390625,
                28.324999809265137,
                0.0
            ],
            [
                28.324999809265137,
                -11.074658203125,
                36.299999713897705,
                0.0
            ],
            [
                36.299999713897705,
                -7.3441650390625,
                41.59999990463257,
                0.0
            ],
            [
                41.59999990463257,
                -7.3441650390625,
                48.674999713897705,
                0.21806640625000018
            ],
            [
                48.674999713897705,
                -7.3519531250000005,
                55.74999952316284,
                0.21806640625000018
            ],
            [
                55.74999952316284,
                -7.3519531250000005,
                62.82499933242798,
                0.21806640625000018
            ]
        ]
    },
    "1": {
        "anchor": [
            66,
            194
        ],
        "text": "awhcacmte",
        "size": [
            71.69999837875366,
            11.074658203125,
            0.21806640625000018
        ],
        "offsets": [
            [
                0,
                -7.3441650390625,
                7.074999809265137,
                0.14797363281250053
            ],
            [
                7.074999809265137,
                -7.13388671875,
                18.59999942779541,
                0.21806640625000018
            ],
            [
                18.59999942779541,
                -11.074658203125,
                26.57499933242798,
                0.0
            ],
            [
                26.57499933242798,
                -7.3441650390625,
                33.649999141693115,
                0.21806640625000018
            ],
            [
                33.649999141693115,
                -7.3441650390625,
                40.72499895095825,
                0.14797363281250053
            ],
            [
                40.72499895095825,
                -7.3441650390625,
                47.79999876022339,
                0.21806640625000018
            ],
            [
                47.79999876022339,
                -7.3441650390625,
                60.19999837875366,
                0.0
            ],
            [
                60.19999837875366,
                -9.4781005859375,
                64.62499856948853,
                0.1168212890625
            ],
            [
                64.62499856948853,
                -7.3519531250000005,
                71.69999837875366,
                0.21806640625000018
            ]
        ]
    },
    "2": {
        "anchor": [
            584,
            85
        ],
        "text": "usdr",
        "size": [
            27.449999809265137,
            11.074658203125,
            0.21806640625000018
        ],
        "offsets": [
            [
                0,
                -7.13388671875,
                7.974999904632568,
                0.21806640625000018
            ],
            [
                7.974999904632568,
                -7.3441650390625,
                14.174999713897705,
                0.21806640625000018
            ],
            [
                14.174999713897705,
                -11.074658203125,
                22.149999618530273,
                0.2180664062499993
            ],
            [
                22.149999618530273,
                -7.3441650390625,
                27.449999809265137,
                0.0
            ]
        ]
    },
    "3": {
        "anchor": [
            531,
            387
        ],
        "text": "tkebfisalar",
        "size": [
            67.25,
            11.074658203125,
            0.21806640625000018
        ],
        "offsets": [
            [
                0,
                -9.4781005859375,
                4.425000190734863,
                0.1168212890625
            ],
            [
                4.425000190734863,
                -11.074658203125,
                12.400000095367432,
                0.0
            ],
            [
                12.400000095367432,
                -7.3519531250000005,
                19.47499990463257,
                0.21806640625000018
            ],
            [
                19.47499990463257,
                -11.074658203125,
                27.449999809265137,
                0.2180664062499993
            ],
            [
                27.449999809265137,
                -11.05908203125,
                32.75,
                0.0
            ],
            [
                32.75,
                -11.074658203125,
                37.17500019073486,
                0.0
            ],
            [
                37.17500019073486,
                -7.3441650390625,
                43.375,
                0.21806640625000018
            ],
            [
                43.375,
                -7.3441650390625,
                50.44999980926514,
                0.14797363281250053
            ],
            [
                50.44999980926514,
                -11.074658203125,
                54.875,
                0.0
            ],
            [
                54.875,
                -7.3441650390625,
                61.94999980926514,
                0.14797363281250053
            ],
            [
                61.94999980926514,
                -7.3441650390625,
                67.25,
                0.0
            ]
        ]
    },
    "4": {
        "anchor": [
            294,
            254
        ],
        "text": "oieicoalkao",
        "size": [
            73.47499942779541,
            11.074658203125,
            0.21806640625000018
        ],