{
    "0": {
        "anchor": [
            417,
            130
        ],
        "text": "drdpr",
        "size": [
            34.52500009536743,
            11.074658203125,
            3.411181640625
        ],
        "offsets": [
            [
                0,
                -11.074658203125,
                7.974999904632568,
                0.2180664062499993
            ],
            [
                7.974999904632568,
                -7.3441650390625,
                13.275000095367432,
                0.0
            ],
            [
                13.275000095367432,
                -11.074658203125,
                21.25,
                0.2180664062499993
            ],
            [
                21.25,
                -7.3441650390625,
                29.22499990463257,
                3.411181640625
            ],
            [
                29.22499990463257,
                -7.3441650390625,
                34.52500009536743,
                0.0
            ]
        ]
    },
    "1": {
        "anchor": [
            7,
            342
        ],
        "text": "rasb",
        "size": [
            26.549999713897705,
            11.074658203125,
            0.21806640625000018
        ],
        "offsets": [
            [
                0,
                -7.3441650390625,
                5.300000190734863,
                0.0
            ],
            [
                5.300000190734863,
                -7.3441650390625,
                12.375,
                0.14797363281250053
            ],
            [
                12.375,
                -7.3441650390625,
                18.574999809265137,
                0.21806640625000018
            ],
            [
                18.574999809265137,
                -11.074658203125,
                26.549999713897705,
                0.2180664062499993
            ]
        ]
    },
    "2": {
        "anchor": [
            327,
            352
        ],
        "text": "sbsctmr",
        "size": [
            49.57499933242798,
            11.074658203125,
            0.21806640625000018
        ],
        "offsets": [
            [
                0,
                -7.3441650390625,
                6.199999809265137,
                0.21806640625000018
            ],
            [
                6.199999809265137,
                -11.074658203125,
                14.174999713897705,
                0.2180664062499993
            ],
            [
                14.174999713897705,
                -7.3441650390625,
                20.374999523162842,
                0.21806640625000018
            ],
            [
                20.374999523162842,
                -7.3441650390625,
                27.44999933242798,
                0.21806640625000018
            ],
            [
                27.44999933242798,
                -9.4781005859375,
                31.874999523162842,
                0.1168212890625
            ],
            [
                31.874999523162842,
                -7.3441650390625,
                44.274999141693115,
                0.0
            ],
            [
                44.274999141693115,
                -7.3441650390625,
                49.57499933242798,
                0.0
            ]
        ]
    },
    "3": {
        "anchor": [
            53,
            86
        ],
        "text": "laasaiw",
        "size": [
            47.79999923706055,
            11.074658203125,
            0.21806640625000018
        ],
        "offsets": [
            [
                0,
                -11.074658203125,
                4.425000190734863,
                0.0
            ],
            [
                4.425000190734863,
                -7.3441650390625,
                11.5,
                0.14797363281250053
            ],
            [
                11.5,
                -7.3441650390625,
                18.574999809265137,
                0.14797363281250053
            ],
            [
                18.574999809265137,
                -7.3441650390625,
                24.774999618530273,
                0.21806640625000018
            ],
            [
                24.774999618530273,
                -7.3441650390625,
                31.84999942779541,
                0.14797363281250053
            ],
            [
                31.84999942779541,
                -11.074658203125,
                36.27499961853027,
                0.0
            ],
            [
                36.27499961853027,
                -7.13388671875,
                47.79999923706055,
                0.21806640625000018
            ]
        ]
    },
    "4": {
        "anchor": [
            107,
            190
        ],
        "text": "teulaim",
        "size": [
            47.799999713897705,
            11.074658203125,
            0.21806640625000018
        ],
        "offsets": [
            [
                0,
                -9.4781005859375,
                4.425000190734863,
                0.1168212890625
            ],
            [
                4.425000190734863,
                -7.3519531250000005,
                11.5,
                0.21806640625000018
            ],
            [
                11.5,
                -7.13388671875,
                19.47499990463257,
                0.21806640625000018
            ],
            [
                19.47499990463257,
                -11.074658203125,
                23.90000009536743,
                0.0
            ],
            [
                23.90000009536743,
                -7.3441650390625,
                30.97499990463257,
                0.14797363281250053
            ],
            [
                30.97499990463257,
                -11.074658203125,
                35.40000009536743,
                0.0
            ],
            [
                35.40000009536743,
                -7.3441650390625,
                47.799999713897705,
                0.0
            ]
        ]
    },
    "5": {
        "anchor": [
            196,
            145
        ],
        "text": "eaaer",
        "size": [
            33.59999942779541,
            7.3519531250000005,
            0.21806640625000018
        ],
        "offsets": [
            [
                0,
                -7.3519531250000005,
                7.074999809265137,
                0.21806640625000018
            ],
            [
                7.074999809265137,
                -7.3441650390625,
                14.149999618530273,
                0.14797363281250053
            ],
            [
                14.149999618530273,
                -7.3441650390625,
                21.22499942779541,
                0.14797363281250053
            ],
            [
                21.22499942779541,
                -7.3519531250000005,
                28.299999237060547,
                0.21806640625000018
            ],
            [
                28.299999237060547,
                -7.3441650390625,
                33.59999942779541,
                0.0
            ]
        ]
    },
    "6": {
        "anchor": [
            205,
            370
        ],
        "text": "oeuirfl",
        "size": [
            42.47500038146973,
            11.074658203125,
            0.21806640625000018
        ],