{
    "0": {
        "anchor": [
            108,
            373
        ],
        "text": "ten",
        "size": [
            19.47499990463257,
            9.4781005859375,
            0.21806640625000018
        ],
        "offsets": [
            [
                0,
                -9.4781005859375,
                4.425000190734863,
                0.1168212890625
            ],
            [
                4.425000190734863,
                -7.3519531250000005,
                11.5,
                0.21806640625000018
            ],
            [
                11.5,
                -7.3441650390625,
                19.47499990463257,
                0.0
            ]
        ]
    },
    "1": {
        "anchor": [
            246,
            280
        ],
        "text": "rucrio",
        "size": [
            38.05000019073486,
            11.074658203125,
            0.21806640625000018
        ],
        "offsets": [
            [
                0,
                -7.3441650390625,
                5.300000190734863,
                0.0
            ],
            [
                5.300000190734863,
                -7.13388671875,
                13.275000095367432,
                0.21806640625000018
            ],
            [
                13.275000095367432,
                -7.3441650390625,
                20.34999990463257,
                0.21806640625000018
            ],
            [
                20.34999990463257,
                -7.3441650390625,
                25.65000009536743,
                0.0
            ],
            [
                25.65000009536743,
                -11.074658203125,
                30.075000286102295,
                0.0
            ],
            [
                30.075000286102295,
                -7.3441650390625,
                38.05000019073486,
                0.21806640625000018
            ]
        ]
    },
    "2": {
        "anchor": [
            366,
            186
        ],
        "text": "leua",
        "size": [
            26.549999713897705,
            11.074658203125,
            0.21806640625000018
        ],
        "offsets": [
            [
                0,
                -11.074658203125,
                4.425000190734863,
                0.0
            ],
            [
                4.425000190734863,
                -7.3519531250000005,
                11.5,
                0.21806640625000018
            ],
            [
                11.5,
                -7.13388671875,
                19.47499990463257,
                0.21806640625000018
            ],
            [
                19.47499990463257,
                -7.3441650390625,
                26.549999713897705,
                0.14797363281250053
            ]
        ]
    },
    "3": {
        "anchor": [
            309,
            385
        ],
        "text": "anput",
        "size": [
            35.424999713897705,
            9.4781005859375,
            3.411181640625
        ],
        "offsets": [
            [
                0,
                -7.3441650390625,
                7.074999809265137,
                0.14797363281250053
            ],
            [
                7.074999809265137,
                -7.3441650390625,
                15.049999713897705,
                0.0
            ],
            [
                15.049999713897705,
                -7.3441650390625,
                23.024999618530273,
                3.411181640625
            ],
            [
                23.024999618530273,
                -7.13388671875,
                30.999999523162842,
                0.21806640625000018
            ],
            [
                30.999999523162842,
                -9.4781005859375,
                35.424999713897705,
                0.1168212890625
            ]
        ]
    },
    "4": {
        "anchor": [
            52,
            166
        ],
        "text": "epeipeo",
        "size": [
            49.57499933242798,
            11.074658203125,
            3.411181640625
        ],
        "offsets": [
            [
                0,
                -7.3519531250000005,
                7.074999809265137,
                0.21806640625000018
            ],
            [
                7.074999809265137,
                -7.3441650390625,
                15.049999713897705,
                3.411181640625
            ],
            [
                15.049999713897705,
                -7.3519531250000005,
                22.124999523162842,
                0.21806640625000018
            ],
            [
                22.124999523162842,
                -11.074658203125,
                26.549999713897705,
                0.0
            ],
            [
                26.549999713897705,
                -7.3441650390625,
                34.52499961853027,
                3.411181640625
            ],
            [
                34.52499961853027,
                -7.3519531250000005,
                41.59999942779541,
                0.21806640625000018
            ],
            [
                41.59999942779541,
                -7.3441650390625,
                49.57499933242798,
                0.21806640625000018
            ]
        ]
    },
    "5": {
        "anchor": [
            113,
            33
        ],
        "text": "inopter",
        "size": [
            45.15000009536743,
            11.074658203125,
            3.411181640625
        ],
        "offsets": [
            [
                0,
                -11.074658203125,
                4.425000190734863,
                0.0
            ],
            [
                4.425000190734863,
                -7.3441650390625,
                12.400000095367432,
                0.0
            ],
            [
                12.400000095367432,
                -7.3441650390625,
                20.375,
                0.21806640625000018
            ],
            [
                20.375,
                -7.3441650390625,
                28.34999990463257,
                3.411181640625
            ],
            [
                28.34999990463257,
                -9.4781005859375,
                32.77500009536743,
                0.1168212890625
            ],
            [
                32.77500009536743,
                -7.3519531250000005,
                39.84999990463257,
                0.21806640625000018
            ],
            [
                39.84999990463257,
                -7.3441650390625,
                45.15000009536743,
                0.0
            ]
        ]
    },
    "6": {
        "anchor": [
            348,
            253
        ],
        "text": "mescdan",
        "size": [
            55.77499866485596,
            11.074658203125,
            0.21806640625000018
        ],