{
    "0": {
        "anchor": [
            9,
            159
        ],
        "text": "etiotand",
        "size": [
            51.34999990463257,
            11.074658203125,
            0.21806640625000018
        ],
        "offsets": [
            [
                0,
                -7.3519531250000005,
                7.074999809265137,
                0.21806640625000018
            ],
            [
                7.074999809265137,
                -9.4781005859375,
                11.5,
                0.1168212890625
            ],
            [
                11.5,
                -11.074658203125,
                15.925000190734863,
                0.0
            ],
            [
                15.925000190734863,
                -7.3441650390625,
                23.90000009536743,
                0.21806640625000018
            ],
            [
                23.90000009536743,
                -9.4781005859375,
                28.325000286102295,
                0.1168212890625
            ],
            [
                28.325000286102295,
                -7.3441650390625,
                35.40000009536743,
                0.14797363281250053
            ],
            [
                35.40000009536743,
                -7.3441650390625,
                43.375,
                0.0
            ],
            [
                43.375,
                -11.074658203125,
                51.34999990463257,
                0.2180664062499993
            ]
        ]
    },
    "1": {
        "anchor": [
            341,
            259
        ],
        "text": "aasweeauol",
        "size": [
            73.4749984741211,
            11.074658203125,
            0.21806640625000018
        ],
        "offsets": [
            [
                0,
                -7.3441650390625,
                7.074999809265137,
                0.14797363281250053
            ],
            [
                7.074999809265137,
                -7.3441650390625,
                14.149999618530273,
                0.14797363281250053
            ],
            [
                14.149999618530273,
                -7.3441650390625,
                20.34999942779541,
                0.21806640625000018
            ],
            [
                20.34999942779541,
                -7.13388671875,
                31.874999046325684,
                0.21806640625000018
            ],
            [
                31.874999046325684,
                -7.3519531250000005,
                38.94999885559082,
                0.21806640625000018
            ],
            [
                38.94999885559082,
                -7.3519531250000005,
                46.02499866485596,
                0.21806640625000018
            ],
            [
                46.02499866485596,
                -7.3441650390625,
                53.099998474121094,
                0.14797363281250053
            ],
            [
                53.099998474121094,
                -7.13388671875,
                61.07499837875366,
                0.21806640625000018
            ],
            [
                61.07499837875366,
                -7.3441650390625,
                69.04999828338623,
                0.21806640625000018
            ],
            [
                69.04999828338623,
                -11.074658203125,
                73.4749984741211,
                0.0
            ]
        ]
    },
    "2": {
        "anchor": [
            65,
            170
        ],
        "text": "lesst",
        "size": [
            28.324999809265137,
            11.074658203125,
            0.21806640625000018
        ],
        "offsets": [
            [
                0,
                -11.074658203125,
                4.425000190734863,
                0.0
            ],
            [
                4.425000190734863,
                -7.3519531250000005,
                11.5,
                0.21806640625000018
            ],
            [
                11.5,
                -7.3441650390625,
                17.699999809265137,
                0.21806640625000018
            ],
            [
                17.699999809265137,
                -7.3441650390625,
                23.899999618530273,
                0.21806640625000018
            ],
            [
                23.899999618530273,
                -9.4781005859375,
                28.324999809265137,
                0.1168212890625
            ]
        ]
    },
    "3": {
        "anchor": [
            251,
            350
        ],
        "text": "hmhuttgr",
        "size": [
            58.44999980926514,
            11.074658203125,
            3.442333984375
        ],
        "offsets": [
            [
                0,
                -11.074658203125,
                7.974999904632568,
                0.0
            ],
            [
                7.974999904632568,
                -7.3441650390625,
                20.374999523162842,
                0.0
            ],
            [
                20.374999523162842,
                -11.074658203125,
                28.34999942779541,
                0.0
            ],
            [
                28.34999942779541,
                -7.13388671875,
                36.32499933242798,
                0.21806640625000018
            ],
            [
                36.32499933242798,
                -9.4781005859375,
                40.74999952316284,
                0.1168212890625
            ],
            [
                40.74999952316284,
                -9.4781005859375,
                45.174999713897705,
                0.1168212890625
            ],
            [
                45.174999713897705,
                -7.3441650390625,
                53.14999961853027,
                3.442333984375
            ],
            [
                53.14999961853027,
                -7.3441650390625,
                58.44999980926514,
                0.0
            ]
        ]
    },
    "4": {
        "anchor": [
            538,
            15
        ],
        "text": "eidcdet",
        "size": [
            46.02499961853027,
            11.074658203125,
            0.21806640625000018
        ],
        "offsets": [
            [
                0,
                -7.3519531250000005,
                7.074999809265137,
                0.21806640625000018
            ],
            [
                7.074999809265137,
                -11.074658203125,
                11.5,
                0.0
            ],
            [
                11.5,
                -11.074658203125,
                19.47499990463257,
                0.2180664062499993
            ],
            [
                19.47499990463257,
                -7.3441650390625,
                26.549999713897705,
                0.21806640625000018
            ],
            [
                26.549999713897705,
                -11.074658203125,
                34.52499961853027,
                0.2180664062499993
            ],
            [
                34.52499961853027,
                -7.3519531250000005,
                41.59999942779541,
                0.21806640625000018
            ],
            [
                41.59999942779541,
                -9.4781005859375,
                46.02499961853027,
                0.1168212890625
            ]
        ]
    },
    "5": {
        "anchor": [
            221,
            187
        ],
        "text": "medoibih",
        "size": [
            60.22499942779541,
            11.074658203125,
            0.21806640625000018
        ],