{
    "0": {
        "anchor": [
            490,
            105
        ],
        "text": "ohranasuhne",
        "size": [
            80.57499885559082,
            11.074658203125,
            0.21806640625000018
        ],
        "offsets": [
            [
                0,
                -7.3441650390625,
                7.974999904632568,
                0.21806640625000018
            ],
            [
                7.974999904632568,
                -11.074658203125,
                15.949999809265137,
                0.0
            ],
            [
                15.949999809265137,
                -7.3441650390625,
                21.25,
                0.0
            ],
            [
                21.25,
                -7.3441650390625,
                28.324999809265137,
                0.14797363281250053
            ],
            [
                28.324999809265137,
                -7.3441650390625,
                36.299999713897705,
                0.0
            ],
            [
                36.299999713897705,
                -7.3441650390625,
                43.37499952316284,
                0.14797363281250053
            ],
            [
                43.37499952316284,
                -7.3441650390625,
                49.57499933242798,
                0.21806640625000018
            ],
            [
                49.57499933242798,
                -7.13388671875,
                57.54999923706055,
                0.21806640625000018
            ],
            [
                57.54999923706055,
                -11.074658203125,
                65.52499914169312,
                0.0
            ],
            [
                65.52499914169312,
                -7.3441650390625,
                73.49999904632568,
                0.0
            ],
            [
                73.49999904632568,
                -7.3519531250000005,
                80.57499885559082,
                0.21806640625000018
            ]
        ]
    },
    "1": {
        "anchor": [
            221,
            96
        ],
        "text": "trooeuiy",
        "size": [
            53.125,
            11.074658203125,
            3.4423339843750007
        ],
        "offsets": [
            [
                0,
                -9.4781005859375,
                4.425000190734863,
                0.1168212890625
            ],
            [
                4.425000190734863,
                -7.3441650390625,
                9.725000381469727,
                0.0
            ],
            [
                9.725000381469727,
                -7.3441650390625,
                17.700000286102295,
                0.21806640625000018
            ],
            [
                17.700000286102295,
                -7.3441650390625,
                25.675000190734863,
                0.21806640625000018
            ],
            [
                25.675000190734863,
                -7.3519531250000005,
                32.75,
                0.21806640625000018
            ],
            [
                32.75,
                -7.13388671875,
                40.72499990463257,
                0.21806640625000018
            ],
            [
                40.72499990463257,
                -11.074658203125,
                45.15000009536743,
                0.0
            ],
            [
                45.15000009536743,
                -7.13388671875,
                53.125,
                3.4423339843750007
            ]
        ]
    },
    "2": {
        "anchor": [
            219,
            168
        ],
        "text": "acwi",
        "size": [
            30.09999942779541,
            11.074658203125,
            0.21806640625000018
        ],
        "offsets": [
            [
                0,
                -7.3441650390625,
                7.074999809265137,
                0.14797363281250053
            ],
            [
                7.074999809265137,
                -7.3441650390625,
                14.149999618530273,
                0.21806640625000018
            ],
            [
                14.149999618530273,
                -7.13388671875,
                25.674999237060547,
                0.21806640625000018
            ],
            [
                25.674999237060547,
                -11.074658203125,
                30.09999942779541,
                0.0
            ]
        ]
    },
    "3": {
        "anchor": [
            133,
            392
        ],
        "text": "feetmnr",
        "size": [
            49.549999713897705,
            11.05908203125,
            0.21806640625000018
        ],
        "offsets": [
            [
                0,
                -11.05908203125,
                5.300000190734863,
                0.0
            ],
            [
                5.300000190734863,
                -7.3519531250000005,
                12.375,
                0.21806640625000018
            ],
            [
                12.375,
                -7.3519531250000005,
                19.449999809265137,
                0.21806640625000018
            ],
            [
                19.449999809265137,
                -9.4781005859375,
                23.875,
                0.1168212890625
            ],
            [
                23.875,
                -7.3441650390625,
                36.27499961853027,
                0.0
            ],
            [
                36.27499961853027,
                -7.3441650390625,
                44.24999952316284,
                0.0
            ],
            [
                44.24999952316284,
                -7.3441650390625,
                49.549999713897705,
                0.0
            ]
        ]
    },
    "4": {
        "anchor": [
            535,
            239
        ],
        "text": "ucnp",
        "size": [
            30.999999523162842,
            7.3441650390625,
            3.411181640625
        ],
        "offsets": [
            [
                0,
                -7.13388671875,
                7.974999904632568,
                0.21806640625000018
            ],
            [
                7.974999904632568,
                -7.3441650390625,
                15.049999713897705,
                0.21806640625000018
            ],
            [
                15.049999713897705,
                -7.3441650390625,
                23.024999618530273,
                0.0
            ],
            [
                23.024999618530273,
                -7.3441650390625,
                30.999999523162842,
                3.411181640625
            ]
        ]
    },
    "5": {
        "anchor": [
            520,
            225
        ],
        "text": "rgno",
        "size": [
            29.22499990463257,
            7.3441650390625,
            3.442333984375
        ],
        "offsets": [
            [
                0,
                -7.3441650390625,
                5.300000190734863,
                0.0
            ],
            [
                5.300000190734863,
                -7.3441650390625,
                13.275000095367432,
                3.442333984375
            ],
            [
                13.275000095367432,
                -7.3441650390625,
                21.25,
                0.0
            ],
            [
                21.25,
                -7.3441650390625,
                29.22499990463257,
                0.21806640625000018
            ]
        ]
    },
    "6": {
        "anchor": [
            314,
            49
        ],
        "text": "lrenanaa",
        "size": [
            53.97499942779541,
            11.074658203125,
            0.21806640625000018
        ],