{
    "0": {
        "anchor": [
            549,
            216
        ],
        "text": "apoteogf",
        "size": [
            55.77499961853027,
            11.05908203125,
            3.442333984375
        ],
        "offsets": [
            [
                0,
                -7.3441650390625,
                7.074999809265137,
                0.14797363281250053
            ],
            [
                7.074999809265137,
                -7.3441650390625,
                15.049999713897705,
                3.411181640625
            ],
            [
                15.049999713897705,
                -7.3441650390625,
                23.024999618530273,
                0.21806640625000018
            ],
            [
                23.024999618530273,
                -9.4781005859375,
                27.449999809265137,
                0.1168212890625
            ],
            [
                27.449999809265137,
                -7.3519531250000005,
                34.52499961853027,
                0.21806640625000018
            ],
            [
                34.52499961853027,
                -7.3441650390625,
                42.49999952316284,
                0.21806640625000018
            ],
            [
                42.49999952316284,
                -7.3441650390625,
                50.47499942779541,
                3.442333984375
            ],
            [
                50.47499942779541,
                -11.05908203125,
                55.77499961853027,
                0.0
            ]
        ]
    },
    "1": {
        "anchor": [
            135,
            376
        ],
        "text": "aatdzeeenca",
        "size": [
            76.9749984741211,
            11.074658203125,
            0.21806640625000018
        ],
        "offsets": [
            [
                0,
                -7.3441650390625,
                7.074999809265137,
                0.14797363281250053
            ],
            [
                7.074999809265137,
                -7.3441650390625,
                14.149999618530273,
                0.14797363281250053
            ],
            [
                14.149999618530273,
                -9.4781005859375,
                18.574999809265137,
                0.1168212890625
            ],
            [
                18.574999809265137,
                -11.074658203125,
                26.549999713897705,
                0.2180664062499993
            ],
            [
                26.549999713897705,
                -7.13388671875,
                33.62499952316284,
                0.0
            ],
            [
                33.62499952316284,
                -7.3519531250000005,
                40.69999933242798,
                0.21806640625000018
            ],
            [
                40.69999933242798,
                -7.3519531250000005,
                47.774999141693115,
                0.21806640625000018
            ],
            [
                47.774999141693115,
                -7.3519531250000005,
                54.84999895095825,
                0.21806640625000018
            ],
            [
                54.84999895095825,
                -7.3441650390625,
                62.82499885559082,
                0.0
            ],
            [
                62.82499885559082,
                -7.3441650390625,
                69.89999866485596,
                0.21806640625000018
            ],
            [
                69.89999866485596,
                -7.3441650390625,
                76.9749984741211,
                0.14797363281250053
            ]
        ]
    },
    "2": {
        "anchor": [
            506,
            47
        ],
        "text": "pilnfokiin",
        "size": [
            62.87500047683716,
            11.074658203125,
            3.411181640625
        ],
        "offsets": [
            [
                0,
                -7.3441650390625,
                7.974999904632568,
                3.411181640625
            ],
            [
                7.974999904632568,
                -11.074658203125,
                12.400000095367432,
                0.0
            ],
            [
                12.400000095367432,
                -11.074658203125,
                16.825000286102295,
                0.0
            ],
            [
                16.825000286102295,
                -7.3441650390625,
                24.800000190734863,
                0.0
            ],
            [
                24.800000190734863,
                -11.05908203125,
                30.100000381469727,
                0.0
            ],
            [
                30.100000381469727,
                -7.3441650390625,
                38.075000286102295,
                0.21806640625000018
            ],
            [
                38.075000286102295,
                -11.074658203125,
                46.05000019073486,
                0.0
            ],
            [
                46.05000019073486,
                -11.074658203125,
                50.47500038146973,
                0.0
            ],
            [
                50.47500038146973,
                -11.074658203125,
                54.90000057220459,
                0.0
            ],
            [
                54.90000057220459,
                -7.3441650390625,
                62.87500047683716,
                0.0
            ]
        ]
    },
    "3": {
        "anchor": [
            291,
            36
        ],
        "text": "lneruld",
        "size": [
            45.15000009536743,
            11.074658203125,
            0.21806640625000018
        ],
        "offsets": [
            [
                0,
                -11.074658203125,
                4.425000190734863,
                0.0
            ],
            [
                4.425000190734863,
                -7.3441650390625,
                12.400000095367432,
                0.0
            ],
            [
                12.400000095367432,
                -7.3519531250000005,
                19.47499990463257,
                0.21806640625000018
            ],
            [
                19.47499990463257,
                -7.3441650390625,
                24.77500009536743,
                0.0
            ],
            [
                24.77500009536743,
                -7.13388671875,
                32.75,
                0.21806640625000018
            ],
            [
                32.75,
                -11.074658203125,
                37.17500019073486,
                0.0
            ],
            [
                37.17500019073486,
                -11.074658203125,
                45.15000009536743,
                0.2180664062499993
            ]
        ]
    },
    "4": {
        "anchor": [
            441,
            162
        ],
        "text": "eamhmeahe",
        "size": [
            76.12499809265137,
            11.074658203125,
            0.21806640625000018
        ],