{
    "0": {
        "anchor": [
            82,
            134
        ],
        "text": "elrniua",
        "size": [
            44.25,
            11.074658203125,
            0.21806640625000018
        ],
        "offsets": [
            [
                0,
                -7.3519531250000005,
                7.074999809265137,
                0.21806640625000018
            ],
            [
                7.074999809265137,
                -11.074658203125,
                11.5,
                0.0
            ],
            [
                11.5,
                -7.3441650390625,
                16.800000190734863,
                0.0
            ],
            [
                16.800000190734863,
                -7.3441650390625,
                24.77500009536743,
                0.0
            ],
            [
                24.77500009536743,
                -11.074658203125,
                29.200000286102295,
                0.0
            ],
            [
                29.200000286102295,
                -7.13388671875,
                37.17500019073486,
                0.21806640625000018
            ],
            [
                37.17500019073486,
                -7.3441650390625,
                44.25,
                0.14797363281250053
            ]
        ]
    },
    "1": {
        "anchor": [
            528,
            16
        ],
        "text": "otirb",
        "size": [
            30.100000381469727,
            11.074658203125,
            0.21806640625000018
        ],
        "offsets": [
            [
                0,
                -7.3441650390625,
                7.974999904632568,
                0.21806640625000018
            ],
            [
                7.974999904632568,
                -9.4781005859375,
                12.400000095367432,
                0.1168212890625
            ],
            [
                12.400000095367432,
                -11.074658203125,
                16.825000286102295,
                0.0
            ],
            [
                16.825000286102295,
                -7.3441650390625,
                22.125000476837158,
                0.0
            ],
            [
                22.125000476837158,
                -11.074658203125,
                30.100000381469727,
                0.2180664062499993
            ]
        ]
    },
    "2": {
        "anchor": [
            270,
            212
        ],
        "text": "idsdrnttend",
        "size": [
            71.72499990463257,
            11.074658203125,
            0.21806640625000018
        ],
        "offsets": [
            [
                0,
                -11.074658203125,
                4.425000190734863,
                0.0
            ],
            [
                4.425000190734863,
                -11.074658203125,
                12.400000095367432,
                0.2180664062499993
            ],
            [
                12.400000095367432,
                -7.3441650390625,
                18.59999990463257,
                0.21806640625000018
            ],
            [
                18.59999990463257,
                -11.074658203125,
                26.574999809265137,
                0.2180664062499993
            ],
            [
                26.574999809265137,
                -7.3441650390625,
                31.875,
                0.0
            ],
            [
                31.875,
                -7.3441650390625,
                39.84999990463257,
                0.0
            ],
            [
                39.84999990463257,
                -9.4781005859375,
                44.27500009536743,
                0.1168212890625
            ],
            [
                44.27500009536743,
                -9.4781005859375,
                48.700000286102295,
                0.1168212890625
            ],
            [
                48.700000286102295,
                -7.3519531250000005,
                55.77500009536743,
                0.21806640625000018
            ],
            [
                55.77500009536743,
                -7.3441650390625,
                63.75,
                0.0
            ],
            [
                63.75,
                -11.074658203125,
                71.72499990463257,
                0.2180664062499993
            ]
        ]
    },
    "3": {
        "anchor": [
            591,
            153
        ],
        "text": "rpemprurqp",
        "size": [
            75.24999952316284,
            7.3519531250000005,
            3.411181640625
        ],
        "offsets": [
            [
                0,
                -7.3441650390625,
                5.300000190734863,
                0.0
            ],
            [
                5.300000190734863,
                -7.3441650390625,
                13.275000095367432,
                3.411181640625
            ],
            [
                13.275000095367432,
                -7.3519531250000005,
                20.34999990463257,
                0.21806640625000018
            ],
            [
                20.34999990463257,
                -7.3441650390625,
                32.74999952316284,
                0.0
            ],
            [
                32.74999952316284,
                -7.3441650390625,
                40.72499942779541,
                3.411181640625
            ],
            [
                40.72499942779541,
                -7.3441650390625,
                46.02499961853027,
                0.0
            ],
            [
                46.02499961853027,
                -7.13388671875,
                53.99999952316284,
                0.21806640625000018
            ],
            [
                53.99999952316284,
                -7.3441650390625,
                59.299999713897705,
                0.0
            ],
            [
                59.299999713897705,
                -7.3441650390625,
                67.27499961853027,
                3.411181640625
            ],
            [
                67.27499961853027,
                -7.3441650390625,
                75.24999952316284,
                3.411181640625
            ]
        ]
    },
    "4": {
        "anchor": [
            55,
            168
        ],
        "text": "opcncei",
        "size": [
            49.57499933242798,
            11.074658203125,
            3.411181640625
        ],
        "offsets": [
            [
                0,
                -7.3441650390625,
                7.974999904632568,
                0.21806640625000018
            ],
            [
                7.974999904632568,
                -7.3441650390625,
                15.949999809265137,
                3.411181640625
            ],
            [
                15.949999809265137,
                -7.3441650390625,
                23.024999618530273,
                0.21806640625000018
            ],
            [
                23.024999618530273,
                -7.3441650390625,
                30.999999523162842,
                0.0
            ],
            [
                30.999999523162842,
                -7.3441650390625,
                38.07499933242798,
                0.21806640625000018
            ],
            [
                38.07499933242798,
                -7.3519531250000005,
                45.149999141693115,
                0.21806640625000018
            ],
            [
                45.149999141693115,
                -11.074658203125,
                49.57499933242798,
                0.0
            ]
        ]
    },
    "5": {
        "anchor": [
            384,
            136
        ],
        "text": "aapcheemn",
        "size": [
            71.69999837875366,
            11.074658203125,
            3.411181640625
        ],