{
    "0": {
        "anchor": [
            469,
            229
        ],
        "text": "fmebors",
        "size": [
            52.22499942779541,
            11.074658203125,
            0.21806640625000018
        ],
        "offsets": [
            [
                0,
                -11.05908203125,
                5.300000190734863,
                0.0
            ],
            [
                5.300000190734863,
                -7.3441650390625,
                17.699999809265137,
                0.0
            ],
            [
                17.699999809265137,
                -7.3519531250000005,
                24.774999618530273,
                0.21806640625000018
            ],
            [
                24.774999618530273,
                -11.074658203125,
                32.74999952316284,
                0.2180664062499993
            ],
            [
                32.74999952316284,
                -7.3441650390625,
                40.72499942779541,
                0.21806640625000018
            ],
            [
                40.72499942779541,
                -7.3441650390625,
                46.02499961853027,
                0.0
            ],
            [
                46.02499961853027,
                -7.3441650390625,
                52.22499942779541,
                0.21806640625000018
            ]
        ]
    },
    "1": {
        "anchor": [
            320,
            304
        ],
        "text": "etllwctd",
        "size": [
            51.34999990463257,
            11.074658203125,
            0.21806640625000018
        ],
        "offsets": [
            [
                0,
                -7.3519531250000005,
                7.074999809265137,
                0.21806640625000018
            ],
            [
                7.074999809265137,
                -9.4781005859375,
                11.5,
                0.1168212890625
            ],
            [
                11.5,
                -11.074658203125,
                15.925000190734863,
                0.0
            ],
            [
                15.925000190734863,
                -11.074658203125,
                20.350000381469727,
                0.0
            ],
            [
                20.350000381469727,
                -7.13388671875,
                31.875,
                0.21806640625000018
            ],
            [
                31.875,
                -7.3441650390625,
                38.94999980926514,
                0.21806640625000018
            ],
            [
                38.94999980926514,
                -9.4781005859375,
                43.375,
                0.1168212890625
            ],
            [
                43.375,
                -11.074658203125,
                51.34999990463257,
                0.2180664062499993
            ]
        ]
    },
    "2": {
        "anchor": [
            99,
            30
        ],
        "text": "ldzdu",
        "size": [
            35.424999713897705,
            11.074658203125,
            0.21806640625000018
        ],
        "offsets": [
            [
                0,
                -11.074658203125,
                4.425000190734863,
                0.0
            ],
            [
                4.425000190734863,
                -11.074658203125,
                12.400000095367432,
                0.2180664062499993
            ],
            [
                12.400000095367432,
                -7.13388671875,
                19.47499990463257,
                0.0
            ],
            [
                19.47499990463257,
                -11.074658203125,
                27.449999809265137,
                0.2180664062499993
            ],
            [
                27.449999809265137,
                -7.13388671875,
                35.424999713897705,
                0.21806640625000018
            ]
        ]
    },
    "3": {
        "anchor": [
            504,
            47
        ],
        "text": "ieobosrt",
        "size": [
            51.34999990463257,
            11.074658203125,
            0.21806640625000018
        ],
        "offsets": [
            [
                0,
                -11.074658203125,
                4.425000190734863,
                0.0
            ],
            [
                4.425000190734863,
                -7.3519531250000005,
                11.5,
                0.21806640625000018
            ],
            [
                11.5,
                -7.3441650390625,
                19.47499990463257,
                0.21806640625000018
            ],
            [
                19.47499990463257,
                -11.074658203125,
                27.449999809265137,
                0.2180664062499993
            ],
            [
                27.449999809265137,
                -7.3441650390625,
                35.424999713897705,
                0.21806640625000018
            ],
            [
                35.424999713897705,
                -7.3441650390625,
                41.62499952316284,
                0.21806640625000018
            ],
            [
                41.62499952316284,
                -7.3441650390625,
                46.924999713897705,
                0.0
            ],
            [
                46.924999713897705,
                -9.4781005859375,
                51.34999990463257,
                0.1168212890625
            ]
        ]
    },
    "4": {
        "anchor": [
            89,
            111
        ],
        "text": "eeodeds",
        "size": [
            51.34999895095825,
            11.074658203125,
            0.21806640625000018
        ],
        "offsets": [
            [
                0,
                -7.3519531250000005,
                7.074999809265137,
                0.21806640625000018
            ],
            [
                7.074999809265137,
                -7.3519531250000005,
                14.149999618530273,
                0.21806640625000018
            ],
            [
                14.149999618530273,
                -7.3441650390625,
                22.124999523162842,
                0.21806640625000018
            ],
            [
                22.124999523162842,
                -11.074658203125,
                30.09999942779541,
                0.2180664062499993
            ],
            [
                30.09999942779541,
                -7.3519531250000005,
                37.17499923706055,
                0.21806640625000018
            ],
            [
                37.17499923706055,
                -11.074658203125,
                45.149999141693115,
                0.2180664062499993
            ],
            [
                45.149999141693115,
                -7.3441650390625,
                51.34999895095825,
                0.21806640625000018
            ]
        ]
    },
    "5": {
        "anchor": [
            161,
            292
        ],
        "text": "epeilaboacbe",
        "size": [
            83.19999885559082,
            11.074658203125,
            3.411181640625
        ],