{
    "0": {
        "anchor": [
            399,
            187
        ],
        "text": "sretslcm",
        "size": [
            53.09999942779541,
            11.074658203125,
            0.21806640625000018
        ],
        "offsets": [
            [
                0,
                -7.3441650390625,
                6.199999809265137,
                0.21806640625000018
            ],
            [
                6.199999809265137,
                -7.3441650390625,
                11.5,
                0.0
            ],
            [
                11.5,
                -7.3519531250000005,
                18.574999809265137,
                0.21806640625000018
            ],
            [
                18.574999809265137,
                -9.4781005859375,
                23.0,
                0.1168212890625
            ],
            [
                23.0,
                -7.3441650390625,
                29.199999809265137,
                0.21806640625000018
            ],
            [
                29.199999809265137,
                -11.074658203125,
                33.625,
                0.0
            ],
            [
                33.625,
                -7.3441650390625,
                40.69999980926514,
                0.21806640625000018
            ],
            [
                40.69999980926514,
                -7.3441650390625,
                53.09999942779541,
                0.0
            ]
        ]
    },
    "1": {
        "anchor": [
            179,
            91
        ],
        "text": "oaeeoeltrop",
        "size": [
            74.34999942779541,
            11.074658203125,
            3.411181640625
        ],
        "offsets": [
            [
                0,
                -7.3441650390625,
                7.974999904632568,
                0.21806640625000018
            ],
            [
                7.974999904632568,
                -7.3441650390625,
                15.049999713897705,
                0.14797363281250053
            ],
            [
                15.049999713897705,
                -7.3519531250000005,
                22.124999523162842,
                0.21806640625000018
            ],
            [
                22.124999523162842,
                -7.3519531250000005,
                29.19999933242798,
                0.21806640625000018
            ],
            [
                29.19999933242798,
                -7.3441650390625,
                37.17499923706055,
                0.21806640625000018
            ],
            [
                37.17499923706055,
                -7.3519531250000005,
                44.249999046325684,
                0.21806640625000018
            ],
            [
                44.249999046325684,
                -11.074658203125,
                48.67499923706055,
                0.0
            ],
            [
                48.67499923706055,
                -9.4781005859375,
                53.09999942779541,
                0.1168212890625
            ],
            [
                53.09999942779541,
                -7.3441650390625,
                58.39999961853027,
                0.0
            ],
            [
                58.39999961853027,
                -7.3441650390625,
                66.37499952316284,
                0.21806640625000018
            ],
            [
                66.37499952316284,
                -7.3441650390625,
                74.34999942779541,
                3.411181640625
            ]
        ]
    },
    "2": {
        "anchor": [
            281,
            35
        ],
        "text": "ssgoesle",
        "size": [
            53.124999046325684,
            11.074658203125,
            3.442333984375
        ],
        "offsets": [
            [
                0,
                -7.3441650390625,
                6.199999809265137,
                0.21806640625000018
            ],
            [
                6.199999809265137,
                -7.3441650390625,
                12.399999618530273,
                0.21806640625000018
            ],
            [
                12.399999618530273,
                -7.3441650390625,
                20.374999523162842,
                3.442333984375
            ],
            [
                20.374999523162842,
                -7.3441650390625,
                28.34999942779541,
                0.21806640625000018
            ],
            [
                28.34999942779541,
                -7.3519531250000005,
                35.42499923706055,
                0.21806640625000018
            ],
            [
                35.42499923706055,
                -7.3441650390625,
                41.624999046325684,
                0.21806640625000018
            ],
            [
                41.624999046325684,
                -11.074658203125,
                46.04999923706055,
                0.0
            ],
            [
                46.04999923706055,
                -7.3519531250000005,
                53.124999046325684,
                0.21806640625000018
            ]
        ]
    },
    "3": {
        "anchor": [
            155,
            218
        ],
        "text": "orisrsnoni",
        "size": [
            63.75,
            11.074658203125,
            0.21806640625000018
        ],
        "offsets": [
            [
                0,
                -7.3441650390625,
                7.974999904632568,
                0.21806640625000018
            ],
            [
                7.974999904632568,
                -7.3441650390625,
                13.275000095367432,
                0.0
            ],
            [
                13.275000095367432,
                -11.074658203125,
                17.700000286102295,
                0.0
            ],
            [
                17.700000286102295,
                -7.3441650390625,
                23.90000009536743,
                0.21806640625000018
            ],
            [
                23.90000009536743,
                -7.3441650390625,
                29.200000286102295,
                0.0
            ],
            [
                29.200000286102295,
                -7.3441650390625,
                35.40000009536743,
                0.21806640625000018
            ],
            [
                35.40000009536743,
                -7.3441650390625,
                43.375,
                0.0
            ],
            [
                43.375,
                -7.3441650390625,
                51.34999990463257,
                0.21806640625000018
            ],
            [
                51.34999990463257,
                -7.3441650390625,
                59.32499980926514,
                0.0
            ],
            [
                59.32499980926514,
                -11.074658203125,
                63.75,
                0.0
            ]
        ]
    },
    "4": {
        "anchor": [
            335,
            359
        ],
        "text": "rrrefp",
        "size": [
            36.25000047683716,
            11.05908203125,
            3.411181640625
        ],